E_low_GeV,E_high_GeV,N_e,N_mu,N_tau,err_e,err_mu,err_tau
100,1000,23.292538991846694,5.274347189636844,14.672465506675083,4.826234452639728,2.296594694245557,3.830465442563747
1000,10000,114.28832999387046,22.516578055680668,71.99264881503652,10.690572014343783,4.745163648988375,8.484848190453175
10000,100000,18.626571000348882,14.696145341162257,11.733273071085913,4.31585113278353,3.833555183007316,3.4253865579064082
100000,1000000,0.6247472127942895,8.89541943750373,2.7994531208761746,0.7904095222062355,2.982518975212686,1.6731566336945787
1000000,10000000,0.6875394082021349,2.9468852592555113,5.084532649585081,0.8291799612883411,1.71664942817557,2.2548908287509355
10000000,100000000,1.2067831417379986,0.19410321358953744,5.633336650857833,1.0985368185627638,0.4405714625228664,2.3734651147336954
100000000,1000000000,1.864972579518609,0.8781268940984002,5.96916873871146,1.3656399889863393,0.937084251334105,2.443188232353672
1000000000,10000000000,0.44643659758741727,0.3520458473183141,1.657422724739865,0.6681591109813719,0.5933345155292368,1.287409307384355
10000000000,100000000000,0.0,0.0,0.08126398942911278,0.0,0.0,0.2850683943005832
