E_low_GeV,E_high_GeV,N_e,N_mu,N_tau,err_e,err_mu,err_tau
100,1000,5.1761197759659305,2.0511350181921055,5.705958808151422,2.275108739371798,1.432178417024955,2.38871488632516
1000,10000,25.397406665304544,8.756447021653592,27.997141205847534,5.039583977403744,2.9591294364480905,5.2912324845774386
10000,100000,4.13923800007753,5.715167632674211,4.562939527644522,2.0345117350552515,2.3906416780174755,2.136103819491113
100000,1000000,0.13883271395428656,3.45932978125145,1.088676213674068,0.3726026220442988,1.8599273591329986,1.0433964796155237
1000000,10000000,0.15278653515603,1.146010934154921,1.9773182526164206,0.39087918230065666,1.0705190022390638,1.406171487627459
10000000,100000000,0.26817403149733304,0.07548458306259788,2.190742030889157,0.5178552225258842,0.27474457785841355,1.4801155464655984
100000000,1000000000,0.4144383510041353,0.3414937921493778,2.32134339838779,0.643768864581175,0.5843747018389638,1.5235955494775475
1000000000,10000000000,0.09920813279720384,0.1369067184015666,0.6445532818432808,0.3149732255243354,0.3700090788096511,0.8028407574626993
10000000000,100000000000,0.0,0.0,0.031602662555766076,0.0,0.0,0.1777713772117606
